species,protein,dataset,cleavage_site,peptide,before,after,window_sequence
Arabidopsis,AT4G21280.1,HUNTER MJ,19,ASPANADGPVCPPSNKLSR,GASPAVLEGS,LKINGSSRLN,GASPAVLEGSLKINGSSRLN
Arabidopsis,AT4G21280.1,HUNTER MJ,25,DGPVCPPSNKLSR,LEGSLKINGS,SRLNGSGRVA,LEGSLKINGSSRLNGSGRVA
Arabidopsis,AT4G21280.1,HUNTER MJ,76,YPERCNNDNGDVAVDFFHR,GGSFVQAVLA,DAISIKVGPP,GGSFVQAVLADAISIKVGPP
Arabidopsis,AT4G21280.1,HUNTER MJ,80,CNNDNGDVAVDFFHR,VQAVLADAIS,IKVGPPPAPS,VQAVLADAISIKVGPPPAPS
Arabidopsis,AT4G21280.1,HUNTER MJ,206,VFSHAGYDVGKKAPGR,AKKKSPSQAE,KYYAETVSAL,AKKKSPSQAEKYYAETVSAL
Arabidopsis,AT4G21280.1,HUNTER MJ,208,SHAGYDVGKKAPGR,KKSPSQAEKY,YAETVSALNE,KKSPSQAEKYYAETVSALNE
Arabidopsis,AT4G21280.1,HUNTER MJ,216,KKAPGRCSSYVNAKCQDGR,KYYAETVSAL,NEVLAKLG,KYYAETVSALNEVLAKLG
Arabidopsis,AT4G21280.1,HUNTER MJ,222,CSSYVNAKCQDGR,VSALNEVLAK,LG,VSALNEVLAKLG
Arabidopsis,AT4G21280.1,Metacaspase matrix,23,NADGPVCPPSNKLSR,AVLEGSLKIN,GSSRLNGSGR,AVLEGSLKINGSSRLNGSGR
Arabidopsis,AT4G21280.1,Metacaspase matrix,25,DGPVCPPSNKLSR,LEGSLKINGS,SRLNGSGRVA,LEGSLKINGSSRLNGSGRVA
Arabidopsis,AT4G21280.1,Metacaspase matrix,55,VEGAINETCR,AQQSEETSRR,SVIGLVAAGL,AQQSEETSRRSVIGLVAAGL
Arabidopsis,AT4G21280.1,Metacaspase matrix,57,GAINETCR,QSEETSRRSV,IGLVAAGLAG,QSEETSRRSVIGLVAAGLAG
Arabidopsis,AT4G21280.1,Metacaspase matrix,80,CNNDNGDVAVDFFH,VQAVLADAIS,IKVGPPPAPS,VQAVLADAISIKVGPPPAPS
Arabidopsis,AT4G21280.1,Metacaspase matrix,82,NDNGDVAVDFFHR,AVLADAISIK,VGPPPAPSGG,AVLADAISIKVGPPPAPSGG
Arabidopsis,AT4G21280.1,Metacaspase matrix,97,EDIQLMKNLNTDAFR,APSGGLPGTD,NSDQARDFAL,APSGGLPGTDNSDQARDFAL
Arabidopsis,AT4G21280.1,Metacaspase matrix,101,LMKNLNTDAFR,GLPGTDNSDQ,ARDFALALKD,GLPGTDNSDQARDFALALKD
Arabidopsis,AT4G21280.1,Metacaspase matrix,102,MKNLNTDAFR,LPGTDNSDQA,RDFALALKDR,LPGTDNSDQARDFALALKDR
Arabidopsis,AT4G21280.1,Metacaspase matrix,103,KNLNTDAFR,PGTDNSDQAR,DFALALKDRF,PGTDNSDQARDFALALKDRF
Arabidopsis,AT4G21280.1,Metacaspase matrix,104,NLNTDAFR,GTDNSDQARD,FALALKDRFY,GTDNSDQARDFALALKDRFY
Arabidopsis,AT4G21280.1,Metacaspase matrix,160,TPQDLEDEYGGFLSER,NDLRSKASYL,RYDLNTIISS,NDLRSKASYLRYDLNTIISS
Arabidopsis,AT4G21280.1,Metacaspase matrix,209,HAGYDVGKKAPGR,KSPSQAEKYY,AETVSALNEV,KSPSQAEKYYAETVSALNEV
Arabidopsis,AT4G21280.1,Metacaspase matrix,210,AGYDVGKKAPGR,SPSQAEKYYA,ETVSALNEVL,SPSQAEKYYAETVSALNEVL
Arabidopsis,AT4G21280.1,Metacaspase matrix,223,SSYVNAKCQDGR,SALNEVLAKL,G,SALNEVLAKLG
Arabidopsis,AT4G21280.1,Semitryptome,2,AQKVEAQGGK;GSGLNDTLSR;AQKVEAK,M,ASMGGLHGAS,MASMGGLHGAS
Arabidopsis,AT4G21280.1,Semitryptome,9,GGKGANLWDDGSTHDAVTK,MASMGGLH,GASPAVLEGS,MASMGGLHGASPAVLEGS
Arabidopsis,AT4G21280.1,Semitryptome,13,ANLWDDGSTHDAVTK,SMGGLHGASP,AVLEGSLKIN,SMGGLHGASPAVLEGSLKIN
Arabidopsis,AT4G21280.1,Semitryptome,14,NLWDDGSTHDAVTK,MGGLHGASPA,VLEGSLKING,MGGLHGASPAVLEGSLKING
Arabidopsis,AT4G21280.1,Semitryptome,15,LWDDGSTHDAVTK,GGLHGASPAV,LEGSLKINGS,GGLHGASPAVLEGSLKINGS
Arabidopsis,AT4G21280.1,Semitryptome,16,WDDGSTHDAVTK,GLHGASPAVL,EGSLKINGSS,GLHGASPAVLEGSLKINGSS
Arabidopsis,AT4G21280.1,Semitryptome,17,DDGSTHDAVTK,LHGASPAVLE,GSLKINGSSR,LHGASPAVLEGSLKINGSSR
Arabidopsis,AT4G21280.1,Semitryptome,18,DGSTHDAVTK,HGASPAVLEG,SLKINGSSRL,HGASPAVLEGSLKINGSSRL
Arabidopsis,AT4G21280.1,Semitryptome,20,SPANADGPVCPPSNK,ASPAVLEGSL,KINGSSRLNG,ASPAVLEGSLKINGSSRLNG
Arabidopsis,AT4G21280.1,Semitryptome,22,ANADGPVCPPSNK,PAVLEGSLKI,NGSSRLNGSG,PAVLEGSLKINGSSRLNGSG
Arabidopsis,AT4G21280.1,Semitryptome,23,NADGPVCPPSNK,AVLEGSLKIN,GSSRLNGSGR,AVLEGSLKINGSSRLNGSGR
Arabidopsis,AT4G21280.1,Semitryptome,24,GANLWDDGSTHD,VLEGSLKING,SSRLNGSGRV,VLEGSLKINGSSRLNGSGRV
Arabidopsis,AT4G21280.1,Semitryptome,25,DGPVCPPSNK,LEGSLKINGS,SRLNGSGRVA,LEGSLKINGSSRLNGSGRVA
Arabidopsis,AT4G21280.1,Semitryptome,26,GPVCPPSNK,EGSLKINGSS,RLNGSGRVAV,EGSLKINGSSRLNGSGRVAV
Arabidopsis,AT4G21280.1,Semitryptome,27,PVCPPSNK,GSLKINGSSR,LNGSGRVAVA,GSLKINGSSRLNGSGRVAVA
Arabidopsis,AT4G21280.1,Semitryptome,30,LAAGIDGIQYVQFDYVK,KINGSSRLNG,SGRVAVAQRS,KINGSSRLNGSGRVAVAQRS
Arabidopsis,AT4G21280.1,Semitryptome,31,AAGIDGIQYVQFDYVK,INGSSRLNGS,GRVAVAQRSR,INGSSRLNGSGRVAVAQRSR
Arabidopsis,AT4G21280.1,Semitryptome,32,AGIDGIQYVQFDYVK,NGSSRLNGSG,RVAVAQRSRL,NGSSRLNGSGRVAVAQRSRL
Arabidopsis,AT4G21280.1,Semitryptome,33,GIDGIQYVQFDYVK,GSSRLNGSGR,VAVAQRSRLV,GSSRLNGSGRVAVAQRSRLV
Arabidopsis,AT4G21280.1,Semitryptome,36,GIQYVQFDYVK,RLNGSGRVAV,AQRSRLVVRA,RLNGSGRVAVAQRSRLVVRA
Arabidopsis,AT4G21280.1,Semitryptome,47,GTATAAYQVEGAINETCR,QRSRLVVRAQ,QSEETSRRSV,QRSRLVVRAQQSEETSRRSV
Arabidopsis,AT4G21280.1,Semitryptome,48,TATAAYQVEGAINETCR;GQTEQTPLR;GQPEQAPLRGTK,RSRLVVRAQQ,SEETSRRSVI,RSRLVVRAQQSEETSRRSVI
Arabidopsis,AT4G21280.1,Semitryptome,49,QPEQAPLRGTK,SRLVVRAQQS,EETSRRSVIG,SRLVVRAQQSEETSRRSVIG
Arabidopsis,AT4G21280.1,Semitryptome,50,PEQAPLRGTK,RLVVRAQQSE,ETSRRSVIGL,RLVVRAQQSEETSRRSVIGL
Arabidopsis,AT4G21280.1,Semitryptome,58,NGQPEQAPLRG,SEETSRRSVI,GLVAAGLAGG,SEETSRRSVIGLVAAGLAGG
Arabidopsis,AT4G21280.1,Semitryptome,66,PALWDIYCR,VIGLVAAGLA,GGSFVQAVLA,VIGLVAAGLAGGSFVQAVLA
Arabidopsis,AT4G21280.1,Semitryptome,67,ALWDIYCR;PFVINHPDEHLVSVEGWYSPEGIIQGIK,IGLVAAGLAG,GSFVQAVLAD,IGLVAAGLAGGSFVQAVLAD
Arabidopsis,AT4G21280.1,Semitryptome,69,VINHPDEHLVSVEGWYSPEGIIQGIK,LVAAGLAGGS,FVQAVLADAI,LVAAGLAGGSFVQAVLADAI
Arabidopsis,AT4G21280.1,Semitryptome,72,HPDEHLVSVEGWYSPEGIIQGIK,AGLAGGSFVQ,AVLADAISIK,AGLAGGSFVQAVLADAISIK
Arabidopsis,AT4G21280.1,Semitryptome,73,VLPADPFVINH,GLAGGSFVQA,VLADAISIKV,GLAGGSFVQAVLADAISIKV
Arabidopsis,AT4G21280.1,Semitryptome,75,VLPADPFVINHPD,AGGSFVQAVL,ADAISIKVGP,AGGSFVQAVLADAISIKVGP
Arabidopsis,AT4G21280.1,Semitryptome,77,LVSVEGWYSPEGIIQGIK,GSFVQAVLAD,AISIKVGPPP,GSFVQAVLADAISIKVGPPP
Arabidopsis,AT4G21280.1,Semitryptome,78,VLPADPFVINHPDEHL,SFVQAVLADA,ISIKVGPPPA,SFVQAVLADAISIKVGPPPA
Arabidopsis,AT4G21280.1,Semitryptome,79,RCNNDNGDVAVDFFHR;SVEGWYSPEGIIQGIK,FVQAVLADAI,SIKVGPPPAP,FVQAVLADAISIKVGPPPAP
Arabidopsis,AT4G21280.1,Semitryptome,81,NNDNGDVAVDFFHR,QAVLADAISI,KVGPPPAPSG,QAVLADAISIKVGPPPAPSG
Arabidopsis,AT4G21280.1,Semitryptome,82,VLPADPFVINHPDEHLVSVE;NDNGDVAVDFFHR,AVLADAISIK,VGPPPAPSGG,AVLADAISIKVGPPPAPSGG
Arabidopsis,AT4G21280.1,Semitryptome,83,WYSPEGIIQGIK;DNGDVAVDFFHR,VLADAISIKV,GPPPAPSGGL,VLADAISIKVGPPPAPSGGL
Arabidopsis,AT4G21280.1,Semitryptome,84,VLPADPFVINHPDEHLVSVEGW;NGDVAVDFFHR,LADAISIKVG,PPPAPSGGLP,LADAISIKVGPPPAPSGGLP
Arabidopsis,AT4G21280.1,Semitryptome,85,VLPADPFVINHPDEHLVSVEGWY;GDVAVDFFHR,ADAISIKVGP,PPAPSGGLPG,ADAISIKVGPPPAPSGGLPG
Arabidopsis,AT4G21280.1,Semitryptome,86,PEGIIQGIK;DVAVDFFHR,DAISIKVGPP,PAPSGGLPGT,DAISIKVGPPPAPSGGLPGT
Arabidopsis,AT4G21280.1,Semitryptome,94,CNNDNGDVAVDFFH,PPPAPSGGLP,GTDNSDQARD,PPPAPSGGLPGTDNSDQARD
Arabidopsis,AT4G21280.1,Semitryptome,96,KEDIQLMK,PAPSGGLPGT,DNSDQARDFA,PAPSGGLPGTDNSDQARDFA
Arabidopsis,AT4G21280.1,Semitryptome,102,SDVIGSDEGTHFTLQVK;YKEDIQL,LPGTDNSDQA,RDFALALKDR,LPGTDNSDQARDFALALKDR
Arabidopsis,AT4G21280.1,Semitryptome,103,DVIGSDEGTHFTLQVK;YKEDIQLM,PGTDNSDQAR,DFALALKDRF,PGTDNSDQARDFALALKDRF
Arabidopsis,AT4G21280.1,Semitryptome,104,VIGSDEGTHFTLQVK,GTDNSDQARD,FALALKDRFY,GTDNSDQARDFALALKDRFY
Arabidopsis,AT4G21280.1,Semitryptome,105,IGSDEGTHFTLQVK;LNTDAFR,TDNSDQARDF,ALALKDRFYL,TDNSDQARDFALALKDRFYL
Arabidopsis,AT4G21280.1,Semitryptome,106,GSDEGTHFTLQVK,DNSDQARDFA,LALKDRFYLQ,DNSDQARDFALALKDRFYLQ
Arabidopsis,AT4G21280.1,Semitryptome,107,SDEGTHFTLQVK,NSDQARDFAL,ALKDRFYLQP,NSDQARDFALALKDRFYLQP
Arabidopsis,AT4G21280.1,Semitryptome,109,EGTHFTLQVK,DQARDFALAL,KDRFYLQPLP,DQARDFALALKDRFYLQPLP
Arabidopsis,AT4G21280.1,Semitryptome,111,KTSDVIGSDEG,ARDFALALKD,RFYLQPLPPT,ARDFALALKDRFYLQPLPPT
Arabidopsis,AT4G21280.1,Semitryptome,113,TSDVIGSDEGTH;NLNTDAFRM,DFALALKDRF,YLQPLPPTEA,DFALALKDRFYLQPLPPTEA
Arabidopsis,AT4G21280.1,Semitryptome,114,TSDVIGSDEGTHF,FALALKDRFY,LQPLPPTEAA,FALALKDRFYLQPLPPTEAA
Arabidopsis,AT4G21280.1,Semitryptome,116,KTSDVIGSDEGTHFTL,LALKDRFYLQ,PLPPTEAAAR,LALKDRFYLQPLPPTEAAAR
Arabidopsis,AT4G21280.1,Semitryptome,117,TSDVIGSDEGTHFTLQ,ALKDRFYLQP,LPPTEAAARA,ALKDRFYLQPLPPTEAAARA
Arabidopsis,AT4G21280.1,Semitryptome,125,FHGSAGGNLNSLGAYFAPLTTTTPLTPAK,QPLPPTEAAA,RAKESAKDII,QPLPPTEAAARAKESAKDII
Arabidopsis,AT4G21280.1,Semitryptome,126,HGSAGGNLNSLGAYFAPLTTTTPLTPAK,PLPPTEAAAR,AKESAKDIIN,PLPPTEAAARAKESAKDIIN
Arabidopsis,AT4G21280.1,Semitryptome,127,KGVSQAGVQFYHDLIDELIK;GSAGGNLNSLGAYFAPLTTTTPLTPAK,LPPTEAAARA,KESAKDIINV,LPPTEAAARAKESAKDIINV
Arabidopsis,AT4G21280.1,Semitryptome,128,SAGGNLNSLGAYFAPLTTTTPLTPAK,PPTEAAARAK,ESAKDIINVK,PPTEAAARAKESAKDIINVK
Arabidopsis,AT4G21280.1,Semitryptome,129,VSQAGVQFYHDLIDELIK;AGGNLNSLGAYFAPLTTTTPLTPAK,PTEAAARAKE,SAKDIINVKP,PTEAAARAKESAKDIINVKP
Arabidopsis,AT4G21280.1,Semitryptome,130,SQAGVQFYHDLIDELIK,TEAAARAKES,AKDIINVKPL,TEAAARAKESAKDIINVKPL
Arabidopsis,AT4G21280.1,Semitryptome,131,QAGVQFYHDLIDELIK;GNLNSLGAYFAPLTTTTPLTPAK,EAAARAKESA,KDIINVKPLI,EAAARAKESAKDIINVKPLI
Arabidopsis,AT4G21280.1,Semitryptome,132,AGVQFYHDLIDELIK;NLNSLGAYFAPLTTTTPLTPAK,AAARAKESAK,DIINVKPLID,AAARAKESAKDIINVKPLID
Arabidopsis,AT4G21280.1,Semitryptome,133,LNSLGAYFAPLTTTTPLTPAK,AARAKESAKD,IINVKPLIDR,AARAKESAKDIINVKPLIDR
Arabidopsis,AT4G21280.1,Semitryptome,134,VQFYHDLIDELIK,ARAKESAKDI,INVKPLIDRK,ARAKESAKDIINVKPLIDRK
Arabidopsis,AT4G21280.1,Semitryptome,135,QFYHDLIDELIK;SLGAYFAPLTTTTPLTPAK,RAKESAKDII,NVKPLIDRKA,RAKESAKDIINVKPLIDRKA
Arabidopsis,AT4G21280.1,Semitryptome,136,LGAYFAPLTTTTPLTPAK,AKESAKDIIN,VKPLIDRKAW,AKESAKDIINVKPLIDRKAW
Arabidopsis,AT4G21280.1,Semitryptome,137,YHDLIDELIK;GAYFAPLTTTTPLTPAK,KESAKDIINV,KPLIDRKAWP,KESAKDIINVKPLIDRKAWP
Arabidopsis,AT4G21280.1,Semitryptome,138,IIGFHGSAGGNLNSLG;HDLIDELIK,ESAKDIINVK,PLIDRKAWPY,ESAKDIINVKPLIDRKAWPY
Arabidopsis,AT4G21280.1,Semitryptome,139,IIGFHGSAGGNLNSLGA;GVSQAGVQFYH,SAKDIINVKP,LIDRKAWPYV,SAKDIINVKPLIDRKAWPYV
Arabidopsis,AT4G21280.1,Semitryptome,140,FAPLTTTTPLTPAK;GVSQAGVQFYHD,AKDIINVKPL,IDRKAWPYVQ,AKDIINVKPLIDRKAWPYVQ
Arabidopsis,AT4G21280.1,Semitryptome,141,IIGFHGSAGGNLNSLGAYF,KDIINVKPLI,DRKAWPYVQN,KDIINVKPLIDRKAWPYVQN
Arabidopsis,AT4G21280.1,Semitryptome,142,PLTTTTPLTPAK,DIINVKPLID,RKAWPYVQND,DIINVKPLIDRKAWPYVQND
Arabidopsis,AT4G21280.1,Semitryptome,143,LTTTTPLTPAK;GVSQAGVQFYHDLID,IINVKPLIDR,KAWPYVQNDL,IINVKPLIDRKAWPYVQNDL
Arabidopsis,AT4G21280.1,Semitryptome,144,TTTTPLTPAK,INVKPLIDRK,AWPYVQNDLR,INVKPLIDRKAWPYVQNDLR
Arabidopsis,AT4G21280.1,Semitryptome,145,TTTPLTPAK,NVKPLIDRKA,WPYVQNDLRS,NVKPLIDRKAWPYVQNDLRS
Arabidopsis,AT4G21280.1,Semitryptome,153,KQLTAFGSDDGTVWDDGAYVGVK;VTVFHWDTPQDLEDEYGGFLSER,KAWPYVQNDL,RSKASYLRYD,KAWPYVQNDLRSKASYLRYD
Arabidopsis,AT4G21280.1,Semitryptome,155,LTAFGSDDGTVWDDGAYVGVK;VFHWDTPQDLEDEYGGFLSER,WPYVQNDLRS,KASYLRYDLN,WPYVQNDLRSKASYLRYDLN
Arabidopsis,AT4G21280.1,Semitryptome,156,LGSDDGTAWDDGAYVGVK;TAFGSDDGTVWDDGAYVGVK;FHWDTPQDLEDEYGGFLSER,PYVQNDLRSK,ASYLRYDLNT,PYVQNDLRSKASYLRYDLNT
Arabidopsis,AT4G21280.1,Semitryptome,157,GSDDGTAWDDGAYVGVK;AFGSDDGTVWDDGAYVGVKK;HWDTPQDLEDEYGGFLSER,YVQNDLRSKA,SYLRYDLNTI,YVQNDLRSKASYLRYDLNTI
Arabidopsis,AT4G21280.1,Semitryptome,158,SDDGTAWDDGAYVGVK;FGSDDGTVWDDGAYVGVK;WDTPQDLEDEYGGFLSER,VQNDLRSKAS,YLRYDLNTII,VQNDLRSKASYLRYDLNTII
Arabidopsis,AT4G21280.1,Semitryptome,159,GSDDGTVWDDGAYVGVK;DTPQDLEDEYGGFLSER,QNDLRSKASY,LRYDLNTIIS,QNDLRSKASYLRYDLNTIIS
Arabidopsis,AT4G21280.1,Semitryptome,160,SDDGTVWDDGAYVGVKK;NGITPFVTVFHWD,NDLRSKASYL,RYDLNTIISS,NDLRSKASYLRYDLNTIISS
Arabidopsis,AT4G21280.1,Semitryptome,161,DDGTVWDDGAYVGVK;PQDLEDEYGGFLSER,DLRSKASYLR,YDLNTIISSK,DLRSKASYLRYDLNTIISSK
Arabidopsis,AT4G21280.1,Semitryptome,162,DGTVWDDGAYVGVK;QDLEDEYGGFLSER,LRSKASYLRY,DLNTIISSKP,LRSKASYLRYDLNTIISSKP
Arabidopsis,AT4G21280.1,Semitryptome,163,GTVWDDGAYVGVKK;DLEDEYGGFLSER,RSKASYLRYD,LNTIISSKPK,RSKASYLRYDLNTIISSKPK
Arabidopsis,AT4G21280.1,Semitryptome,164,TVWDDGAYVGVK;LEDEYGGFLSER,SKASYLRYDL,NTIISSKPKD,SKASYLRYDLNTIISSKPKD
Arabidopsis,AT4G21280.1,Semitryptome,165,DDGAYVGVKK;VWDDGAYVGVK;EDEYGGFLSER,KASYLRYDLN,TIISSKPKDE,KASYLRYDLNTIISSKPKDE
Arabidopsis,AT4G21280.1,Semitryptome,166,DGAYVGVKK;DEYGGFLSER,ASYLRYDLNT,IISSKPKDEK,ASYLRYDLNTIISSKPKDEK
Arabidopsis,AT4G21280.1,Semitryptome,167,DDGAYVGVK;EYGGFLSER,SYLRYDLNTI,ISSKPKDEKK,SYLRYDLNTIISSKPKDEKK
Arabidopsis,AT4G21280.1,Semitryptome,168,DGAYVGVKK;YGGFLSER,YLRYDLNTII,SSKPKDEKKS,YLRYDLNTIISSKPKDEKKS
Arabidopsis,AT4G21280.1,Semitryptome,169,QLTAFGSDDGTVWDD,LRYDLNTIIS,SKPKDEKKSL,LRYDLNTIISSKPKDEKKSL
Arabidopsis,AT4G21280.1,Semitryptome,176,YVGQAQDGISAVK,IISSKPKDEK,KSLKDLTTKL,IISSKPKDEKKSLKDLTTKL
Arabidopsis,AT4G21280.1,Semitryptome,177,VGQAQDGISAVK,ISSKPKDEKK,SLKDLTTKLF,ISSKPKDEKKSLKDLTTKLF
Arabidopsis,AT4G21280.1,Semitryptome,178,GQAQDGISAVK;YVGQAQDGISAVK,SSKPKDEKKS,LKDLTTKLFD,SSKPKDEKKSLKDLTTKLFD
Arabidopsis,AT4G21280.1,Semitryptome,179,QAQDGISAVK;VGQAQDGISAVK,SKPKDEKKSL,KDLTTKLFDT,SKPKDEKKSLKDLTTKLFDT
Arabidopsis,AT4G21280.1,Semitryptome,180,GQAQDGISAVK,KPKDEKKSLK,DLTTKLFDTI,KPKDEKKSLKDLTTKLFDTI
Arabidopsis,AT4G21280.1,Semitryptome,181,QAQDGISAVK;REYADFVFQEYGGK,PKDEKKSLKD,LTTKLFDTID,PKDEKKSLKDLTTKLFDTID
Arabidopsis,AT4G21280.1,Semitryptome,183,KVYVGQAQD;YADFVFQEYGGK,DEKKSLKDLT,TKLFDTIDNL,DEKKSLKDLTTKLFDTIDNL
Arabidopsis,AT4G21280.1,Semitryptome,184,ADFVFQEYGGK,EKKSLKDLTT,KLFDTIDNLD,EKKSLKDLTTKLFDTIDNLD
Arabidopsis,AT4G21280.1,Semitryptome,185,KVYVGQAQD,KKSLKDLTTK,LFDTIDNLDY,KKSLKDLTTKLFDTIDNLDY
Arabidopsis,AT4G21280.1,Semitryptome,186,KVYVGQAQDGIS,KSLKDLTTKL,FDTIDNLDYA,KSLKDLTTKLFDTIDNLDYA
Arabidopsis,AT4G21280.1,Semitryptome,187,VYVGQAQDGISA,SLKDLTTKLF,DTIDNLDYAA,SLKDLTTKLFDTIDNLDYAA
Arabidopsis,AT4G21280.1,Semitryptome,188,KVYVGQAQDGISAV;VYVGQAQDGIS,LKDLTTKLFD,TIDNLDYAAK,LKDLTTKLFDTIDNLDYAAK
Arabidopsis,AT4G21280.1,Semitryptome,189,KVYVGQAQDGISA,KDLTTKLFDT,IDNLDYAAKK,KDLTTKLFDTIDNLDYAAKK
Arabidopsis,AT4G21280.1,Semitryptome,190,VYDKSPEEVTGEEHGK;KVYVGQAQDGISAV,DLTTKLFDTI,DNLDYAAKKK,DLTTKLFDTIDNLDYAAKKK
Arabidopsis,AT4G21280.1,Semitryptome,191,YDKSPEEVTGEEHGK,LTTKLFDTID,NLDYAAKKKS,LTTKLFDTIDNLDYAAKKKS
Arabidopsis,AT4G21280.1,Semitryptome,192,DKSPEEVTGEEHGK;VYDKSPEEVTGEEHGK,TTKLFDTIDN,LDYAAKKKSP,TTKLFDTIDNLDYAAKKKSP
Arabidopsis,AT4G21280.1,Semitryptome,193,KSPEEVTGEEHGK;YDKSPEEVTGEEHGK,TKLFDTIDNL,DYAAKKKSPS,TKLFDTIDNLDYAAKKKSPS
Arabidopsis,AT4G21280.1,Semitryptome,194,DKSPEEVTGEEHGK,KLFDTIDNLD,YAAKKKSPSQ,KLFDTIDNLDYAAKKKSPSQ
Arabidopsis,AT4G21280.1,Semitryptome,195,PEEVTGEEHGK;KSPEEVTGEEHGK,LFDTIDNLDY,AAKKKSPSQA,LFDTIDNLDYAAKKKSPSQA
Arabidopsis,AT4G21280.1,Semitryptome,197,PEEVTGEEHGK,DTIDNLDYAA,KKKSPSQAEK,DTIDNLDYAAKKKSPSQAEK
Arabidopsis,AT4G21280.1,Semitryptome,198,WITFNEPWVFSHAGYDVGK,TIDNLDYAAK,KKSPSQAEKY,TIDNLDYAAKKKSPSQAEKY
Arabidopsis,AT4G21280.1,Semitryptome,199,ITFNEPWVFSHAGYDVGK,IDNLDYAAKK,KSPSQAEKYY,IDNLDYAAKKKSPSQAEKYY
Arabidopsis,AT4G21280.1,Semitryptome,200,TFNEPWVFSHAGYDVGK,DNLDYAAKKK,SPSQAEKYYA,DNLDYAAKKKSPSQAEKYYA
Arabidopsis,AT4G21280.1,Semitryptome,201,FVYDKSPEEVTG;FNEPWVFSHAGYDVGK,NLDYAAKKKS,PSQAEKYYAE,NLDYAAKKKSPSQAEKYYAE
Arabidopsis,AT4G21280.1,Semitryptome,202,FVYDKSPEEVTGE;NEPWVFSHAGYDVGK,LDYAAKKKSP,SQAEKYYAET,LDYAAKKKSPSQAEKYYAET
Arabidopsis,AT4G21280.1,Semitryptome,203,FVYDKSPEEVTGEE;FVYDKSPEEVTG;VKHWITFN,DYAAKKKSPS,QAEKYYAETV,DYAAKKKSPSQAEKYYAETV
Arabidopsis,AT4G21280.1,Semitryptome,204,FVYDKSPEEVTGEEH;FVYDKSPEEVTGE;PWVFSHAGYDVGK,YAAKKKSPSQ,AEKYYAETVS,YAAKKKSPSQAEKYYAETVS
Arabidopsis,AT4G21280.1,Semitryptome,205,FVYDKSPEEVTGEEHG;FVYDKSPEEVTGEE;WVFSHAGYDVGK,AAKKKSPSQA,EKYYAETVSA,AAKKKSPSQAEKYYAETVSA
Arabidopsis,AT4G21280.1,Semitryptome,206,SPEEVTGEEH;VFSHAGYDVGK,AKKKSPSQAE,KYYAETVSAL,AKKKSPSQAEKYYAETVSAL
Arabidopsis,AT4G21280.1,Semitryptome,207,SPEEVTGEEHG;FSHAGYDVGK,KKKSPSQAEK,YYAETVSALN,KKKSPSQAEKYYAETVSALN
Arabidopsis,AT4G21280.1,Semitryptome,208,HWITFNEPWVF,KKSPSQAEKY,YAETVSALNE,KKSPSQAEKYYAETVSALNE
Arabidopsis,AT4G21280.1,Semitryptome,209,HWITFNEPWVFS,KSPSQAEKYY,AETVSALNEV,KSPSQAEKYYAETVSALNEV
Arabidopsis,AT4G21280.1,Semitryptome,210,HWITFNEPWVFSH,SPSQAEKYYA,ETVSALNEVL,SPSQAEKYYAETVSALNEVL
Arabidopsis,AT4G21280.1,Semitryptome,214,HWITFNEPWVFSHAGYD,AEKYYAETVS,ALNEVLAKLG,AEKYYAETVSALNEVLAKLG
Arabidopsis,AT4G21280.1,Semitryptome,217,VLDYPSEYITAVDGTYDK,YYAETVSALN,EVLAKLG,YYAETVSALNEVLAKLG
Arabidopsis,AT4G21280.1,Semitryptome,219,DYPSEYITAVDGTYDK,AETVSALNEV,LAKLG,AETVSALNEVLAKLG
Arabidopsis,AT4G21280.1,Semitryptome,220,YPSEYITAVDGTYDK,ETVSALNEVL,AKLG,ETVSALNEVLAKLG
Arabidopsis,AT4G21280.1,Semitryptome,221,PSEYITAVDGTYDK,TVSALNEVLA,KLG,TVSALNEVLAKLG
Arabidopsis,AT4G21280.1,Semitryptome,222,SEYITAVDGTYDK,VSALNEVLAK,LG,VSALNEVLAKLG
Arabidopsis,AT4G21280.1,Semitryptome,223,EYITAVDGTYDK,SALNEVLAKL,G,SALNEVLAKLG
