dataset,cleavage_site,weight,n_observations,peptide,start,end
HUNTER MJ,19,0.588598200019873,1,ASPANADGPVCPPSNKLSR,19,37
HUNTER MJ,25,0.675313783774615,1,DGPVCPPSNKLSR,25,37
HUNTER MJ,76,0.614619205507054,1,YPERCNNDNGDVAVDFFHR,76,94
HUNTER MJ,80,0.741022228126262,1,CNNDNGDVAVDFFHR,80,94
HUNTER MJ,206,5.21880882767238,1,VFSHAGYDVGKKAPGR,206,221
HUNTER MJ,208,3.72430800455786,1,SHAGYDVGKKAPGR,208,221
HUNTER MJ,216,1.12934720781775,1,KKAPGRCSSYVNAKCQDGR,216,234
HUNTER MJ,222,1.75757551815118,1,CSSYVNAKCQDGR,222,234
HUNTER MJ,239,3.74467650201653,1,AYLVTHNLLISHAEAVEAYR,239,258
HUNTER MJ,265,0.587014798228732,1,GGKIGIAHSPAWFEAHDLADSQDGASIDR,265,293
HUNTER MJ,279,6.78459412110755,1,AHDLADSQDGASIDR,279,293
HUNTER MJ,349,0.850885559822597,1,VFSNHLEKPDPSKPR,349,363
HUNTER MJ,364,1.00254263277659,1,WMQDSLITWESKNAQNYAIGSKPLTAALNVYSR,364,396
HUNTER MJ,369,7.37669975224074,2,LITWESKNAQNYAIGSKPLTAALNVYSR;LITWESKNAQNYAIGSKPLTAALNVYSR,369,396
HUNTER MJ,370,4.1764364244494,2,ITWESKNAQNYAIGSKPLTAALNVYSR;ITWESKNAQNYAIGSKPLTAALNVYSR,370,396
HUNTER MJ,372,0.944713702363078,1,WESKNAQNYAIGSKPLTAALNVYSR,372,396
HUNTER MJ,374,0.821917049289922,1,SKNAQNYAIGSKPLTAALNVYSR,374,396
HUNTER MJ,376,2.54371151650443,1,NAQNYAIGSKPLTAALNVYSR,376,396
HUNTER MJ,382,3.17988795352665,1,IGSKPLTAALNVYSR,382,396
HUNTER MJ,384,3.16035441896242,1,SKPLTAALNVYSR,384,396
HUNTER MJ,387,2.71360264468692,1,LTAALNVYSR,387,396
HUNTER MJ,389,4.76920503413432,1,AALNVYSR,389,396
HUNTER MJ,407,6.25010437038127,2,DKYANPEIMIMENGYGEELGASDSVAVGTADHNR;DKYANPEIMIMENGYGEELGASDSVAVGTADHNR,407,440
Metacaspase matrix,23,0.0,1,NADGPVCPPSNKLSR,23,37
Metacaspase matrix,25,1.63,1,DGPVCPPSNKLSR,25,37
Metacaspase matrix,55,0.0,1,VEGAINETCR,55,64
Metacaspase matrix,57,0.0,1,GAINETCR,57,64
Metacaspase matrix,80,0.0,1,CNNDNGDVAVDFFH,80,93
Metacaspase matrix,82,1.27,1,NDNGDVAVDFFHR,82,94
Metacaspase matrix,97,0.6,1,EDIQLMKNLNTDAFR,97,111
Metacaspase matrix,101,0.74,1,LMKNLNTDAFR,101,111
Metacaspase matrix,102,2.09,1,MKNLNTDAFR,102,111
Metacaspase matrix,103,0.99,1,KNLNTDAFR,103,111
Metacaspase matrix,104,0.0,1,NLNTDAFR,104,111
Metacaspase matrix,160,0.0,1,TPQDLEDEYGGFLSER,160,175
Metacaspase matrix,209,0.0,1,HAGYDVGKKAPGR,209,221
Metacaspase matrix,210,0.61,1,AGYDVGKKAPGR,210,221
Metacaspase matrix,223,0.0,1,SSYVNAKCQDGR,223,234
Metacaspase matrix,224,0.56,1,SYVNAKCQDGR,224,234
Metacaspase matrix,227,0.0,1,NAKCQDGR,227,234
Metacaspase matrix,228,0.6,1,AKCQDGR,228,234
Metacaspase matrix,235,2.32,2,SGYEAYLVTHN;SGYEAYLVTH,235,245
Metacaspase matrix,246,0.0,1,LLISHAEAVEAYR,246,258
Metacaspase matrix,248,0.0,1,ISHAEAVEAYR,248,258
Metacaspase matrix,249,0.0,1,SHAEAVEAYR,249,258
Metacaspase matrix,250,0.0,1,HAEAVEAYR,250,258
Metacaspase matrix,251,0.06,1,AEAVEAYR,251,258
Metacaspase matrix,252,0.0,1,EAVEAYR,252,258
Metacaspase matrix,278,0.96,1,EAHDLADSQDGASIDR,278,293
Metacaspase matrix,279,0.91,1,AHDLADSQDGASIDR,279,293
Metacaspase matrix,280,0.65,1,HDLADSQDGASIDR,280,293
Metacaspase matrix,281,0.63,1,DLADSQDGASIDR,281,293
Metacaspase matrix,282,4.37,1,LADSQDGASIDR,282,293
Metacaspase matrix,283,0.5,1,ADSQDGASIDR,283,293
Metacaspase matrix,284,0.61,1,DSQDGASIDR,284,293
Metacaspase matrix,285,1.05,1,SQDGASIDR,285,293
Metacaspase matrix,310,0.0,1,DYPQIMKDIVGHR,310,322
Metacaspase matrix,336,0.0,1,ASTDFVGLNYYTSVFSNHLEKPDPSKPR,336,363
Metacaspase matrix,348,0.0,1,SVFSNHLEKPDPSKPR,348,363
Metacaspase matrix,351,0.0,1,SNHLEKPDPSKPR,351,363
Metacaspase matrix,352,0.0,1,NHLEKPDPSKPR,352,363
Metacaspase matrix,353,0.0,1,HLEKPDPSKPR,353,363
Metacaspase matrix,354,0.0,1,LEKPDPSKPR,354,363
Metacaspase matrix,382,0.0,1,IGSKPLTAALNVYSR,382,396
Metacaspase matrix,384,0.0,1,SKPLTAALNVYSR,384,396
Metacaspase matrix,389,28.094464000000002,1,AALNVYSR,389,396
Metacaspase matrix,390,0.88,1,ALNVYSR,390,396
Metacaspase matrix,404,1.84,1,YIKDKYANPEIMIMENGYGEELGASDSVAVGTADHNR,404,440
Metacaspase matrix,411,0.0,1,NPEIMIMENGYGEELGASDSVAVGTADHNR,411,440
Metacaspase matrix,418,0.0,1,ENGYGEELGASDSVAVGTADHNR,418,440
Metacaspase matrix,423,1.92,1,EELGASDSVAVGTADHNR,423,440
Metacaspase matrix,427,0.6,1,ASDSVAVGTADHNR,427,440
Metacaspase matrix,507,0.64,2,KDFLSQGVRPSALKKDEL;KDFLSQGVR,507,524
Metacaspase matrix,508,0.77,1,DFLSQGVRPSALKKDEL,508,524
Metacaspase matrix,511,0.7,1,SQGVRPSALKKDEL,511,524
Semitryptome,20,16.0,1,SPANADGPVCPPSNK,20,34
Semitryptome,22,7.0,1,ANADGPVCPPSNK,22,34
Semitryptome,23,11.0,1,NADGPVCPPSNK,23,34
Semitryptome,25,350.0,1,DGPVCPPSNK,25,34
Semitryptome,26,11.0,1,GPVCPPSNK,26,34
Semitryptome,27,17.0,1,PVCPPSNK,27,34
Semitryptome,47,2.0,1,GTATAAYQVEGAINETCR,47,64
Semitryptome,48,2.0,1,TATAAYQVEGAINETCR,48,64
Semitryptome,66,16.0,1,PALWDIYCR,66,74
Semitryptome,67,4.0,1,ALWDIYCR,67,74
Semitryptome,79,2.0,1,RCNNDNGDVAVDFFHR,79,94
Semitryptome,81,41.0,1,NNDNGDVAVDFFHR,81,94
Semitryptome,82,27.0,1,NDNGDVAVDFFHR,82,94
Semitryptome,83,9.0,1,DNGDVAVDFFHR,83,94
Semitryptome,84,13.0,1,NGDVAVDFFHR,84,94
Semitryptome,85,29.0,1,GDVAVDFFHR,85,94
Semitryptome,86,3.0,1,DVAVDFFHR,86,94
Semitryptome,94,4.0,1,CNNDNGDVAVDFFH,94,107
Semitryptome,96,10.0,1,KEDIQLMK,96,103
Semitryptome,102,2.0,1,YKEDIQL,102,108
Semitryptome,103,19.0,1,YKEDIQLM,103,110
Semitryptome,105,4.0,1,LNTDAFR,105,111
Semitryptome,113,4.0,1,NLNTDAFRM,113,121
Semitryptome,127,11.0,1,KGVSQAGVQFYHDLIDELIK,127,146
Semitryptome,129,7.0,1,VSQAGVQFYHDLIDELIK,129,146
Semitryptome,130,12.0,1,SQAGVQFYHDLIDELIK,130,146
Semitryptome,131,6.0,1,QAGVQFYHDLIDELIK,131,146
Semitryptome,132,5.0,1,AGVQFYHDLIDELIK,132,146
Semitryptome,134,15.0,1,VQFYHDLIDELIK,134,146
Semitryptome,135,2.0,1,QFYHDLIDELIK,135,146
Semitryptome,137,34.0,1,YHDLIDELIK,137,146
Semitryptome,138,36.0,1,HDLIDELIK,138,146
Semitryptome,139,6.0,1,GVSQAGVQFYH,139,149
Semitryptome,140,4.0,1,GVSQAGVQFYHD,140,151
Semitryptome,143,3.0,1,GVSQAGVQFYHDLID,143,157
Semitryptome,153,149.0,1,VTVFHWDTPQDLEDEYGGFLSER,153,175
Semitryptome,155,3.0,1,VFHWDTPQDLEDEYGGFLSER,155,175
Semitryptome,156,3.0,1,FHWDTPQDLEDEYGGFLSER,156,175
Semitryptome,157,20.0,1,HWDTPQDLEDEYGGFLSER,157,175
Semitryptome,158,14.0,1,WDTPQDLEDEYGGFLSER,158,175
Semitryptome,159,19.0,1,DTPQDLEDEYGGFLSER,159,175
Semitryptome,160,37.0,1,NGITPFVTVFHWD,160,172
Semitryptome,161,9.0,1,PQDLEDEYGGFLSER,161,175
Semitryptome,162,4.0,1,QDLEDEYGGFLSER,162,175
Semitryptome,163,15.0,1,DLEDEYGGFLSER,163,175
Semitryptome,164,5.0,1,LEDEYGGFLSER,164,175
Semitryptome,165,3.0,1,EDEYGGFLSER,165,175
Semitryptome,166,3.0,1,DEYGGFLSER,166,175
Semitryptome,167,5.0,1,EYGGFLSER,167,175
Semitryptome,168,2.0,1,YGGFLSER,168,175
Semitryptome,181,3.0,1,REYADFVFQEYGGK,181,194
Semitryptome,183,5.0,1,YADFVFQEYGGK,183,194
Semitryptome,184,4.0,1,ADFVFQEYGGK,184,194
Semitryptome,198,5.0,1,WITFNEPWVFSHAGYDVGK,198,216
Semitryptome,199,6.0,1,ITFNEPWVFSHAGYDVGK,199,216
Semitryptome,200,3.0,1,TFNEPWVFSHAGYDVGK,200,216
Semitryptome,201,5.0,1,FNEPWVFSHAGYDVGK,201,216
Semitryptome,202,37.0,1,NEPWVFSHAGYDVGK,202,216
Semitryptome,203,17.0,1,VKHWITFN,203,210
Semitryptome,204,6.0,1,PWVFSHAGYDVGK,204,216
Semitryptome,205,14.0,1,WVFSHAGYDVGK,205,216
Semitryptome,206,36.0,1,VFSHAGYDVGK,206,216
Semitryptome,207,2.0,1,FSHAGYDVGK,207,216
Semitryptome,208,21.0,1,HWITFNEPWVF,208,218
Semitryptome,209,3.0,1,HWITFNEPWVFS,209,220
Semitryptome,210,38.0,1,HWITFNEPWVFSH,210,222
Semitryptome,214,4.0,1,HWITFNEPWVFSHAGYD,214,230
Semitryptome,236,2.0,1,GYEAYLVTHNLLISHAEAVEAYR,236,258
Semitryptome,238,4.0,1,EAYLVTHNLLISHAEAVEAYR,238,258
Semitryptome,240,7.0,1,YLVTHNLLISHAEAVEAYRK,240,259
Semitryptome,241,64.0,1,LVTHNLLISHAEAVEAYR,241,258
Semitryptome,242,4.0,1,VTHNLLISHAEAVEAYR,242,258
Semitryptome,244,4.0,1,HNLLISHAEAVEAYR,244,258
Semitryptome,245,217.0,1,NLLISHAEAVEAYRK,245,259
Semitryptome,246,99.0,1,LLISHAEAVEAYRK,246,259
Semitryptome,247,7.0,1,SGYEAYLVTHNL,247,258
Semitryptome,248,34.0,1,ISHAEAVEAYRK,248,259
Semitryptome,249,3.0,1,SGYEAYLVTHNLLI,249,262
Semitryptome,250,5.0,1,HAEAVEAYR,250,258
Semitryptome,251,19.0,1,AEAVEAYR,251,258
Semitryptome,252,4.0,1,SGYEAYLVTHNLLISHA,252,268
Semitryptome,256,2.0,1,SGYEAYLVTHNLLISHAEAVE,256,276
Semitryptome,257,2.0,1,SGYEAYLVTHNLLISHAEAVEA,257,278
Semitryptome,258,4.0,1,SGYEAYLVTHNLLISHAEAVEAY,258,280
Semitryptome,267,2.0,1,KIGIAHSPAWFEAHDLADSQDGASIDR,267,293
Semitryptome,269,2.0,1,GIAHSPAWFEAHDLADSQDGASIDR,269,293
Semitryptome,270,4.0,1,IAHSPAWFEAHDLADSQDGASIDR,270,293
Semitryptome,271,3.0,1,AHSPAWFEAHDLADSQDGASIDR,271,293
Semitryptome,273,141.0,1,SPAWFEAHDLADSQDGASIDR,273,293
Semitryptome,274,4.0,1,PAWFEAHDLADSQDGASIDR,274,293
Semitryptome,276,23.0,1,WFEAHDLADSQDGASIDR,276,293
Semitryptome,277,17.0,1,IGIAHSPAW,277,285
Semitryptome,278,22.0,1,EAHDLADSQDGASIDR,278,293
Semitryptome,279,26.0,1,IGIAHSPAWFE,279,289
Semitryptome,280,2.0,1,HDLADSQDGASIDR,280,293
Semitryptome,281,88.0,1,DLADSQDGASIDR,281,293
Semitryptome,282,49.0,1,IGIAHSPAWFEAHD,282,295
Semitryptome,283,20.0,1,ADSQDGASIDR,283,293
Semitryptome,284,49.0,1,DSQDGASIDR,284,293
Semitryptome,285,32.0,1,IGIAHSPAWFEAHDLAD,285,301
Semitryptome,286,4.0,1,IGIAHSPAWFEAHDLADS,286,303
Semitryptome,287,7.0,1,IGIAHSPAWFEAHDLADSQ,287,305
Semitryptome,288,29.0,1,IGIAHSPAWFEAHDLADSQD,288,307
Semitryptome,289,10.0,1,IGIAHSPAWFEAHDLADSQDG,289,309
Semitryptome,290,9.0,1,IGIAHSPAWFEAHDLADSQDGA,290,311
Semitryptome,291,3.0,1,IGIAHSPAWFEAHDLADSQDGAS,291,313
Semitryptome,293,18.0,1,IGIAHSPAWFEAHDLADSQDGASID,293,317
Semitryptome,297,2.0,1,IGIAHSPAWFEAHDLADSQDGASIDRALD,297,325
Semitryptome,301,5.0,1,WHLDTTTFGDYPQIMK,301,316
Semitryptome,302,90.0,1,HLDTTTFGDYPQIMK,302,316
Semitryptome,303,12.0,1,ALDFILGWH,303,311
Semitryptome,304,5.0,1,DTTTFGDYPQIMK,304,316
Semitryptome,305,8.0,1,TTTFGDYPQIMK,305,316
Semitryptome,340,2.0,1,FVGLNYYTSVFSNHLEKPDPSK,340,361
Semitryptome,345,19.0,1,LKASTDFVGLN,345,355
Semitryptome,347,7.0,1,TSVFSNHLEK,347,356
Semitryptome,348,8.0,1,LKASTDFVGLNYYT,348,361
Semitryptome,349,6.0,1,ASTDFVGLNYYTS,349,361
Semitryptome,354,7.0,1,LKASTDFVGLNYYTSVFSNH,354,373
Semitryptome,355,2.0,1,LKASTDFVGLNYYTSVFSNHL,355,375
Semitryptome,356,10.0,1,LKASTDFVGLNYYTSVFSNHLE,356,377
Semitryptome,359,51.0,1,ASTDFVGLNYYTSVFSNHLEKPD,359,381
Semitryptome,365,20.0,1,MQDSLITWESK,365,375
Semitryptome,366,32.0,1,QDSLITWESK,366,375
Semitryptome,367,26.0,1,DSLITWESK,367,375
Semitryptome,377,54.0,1,AQNYAIGSKPLTAALNVYSR,377,396
Semitryptome,378,6.0,1,QNYAIGSKPLTAALNVYSR,378,396
Semitryptome,379,3.0,1,NYAIGSKPLTAALNVYSR,379,396
Semitryptome,380,20.0,1,YAIGSKPLTAALNVYSR,380,396
Semitryptome,381,25.0,1,AIGSKPLTAALNVYSR,381,396
Semitryptome,382,10.0,1,IGSKPLTAALNVYSR,382,396
Semitryptome,384,24.0,1,SKPLTAALNVYSR,384,396
Semitryptome,387,11.0,1,NAQNYAIGSKP,387,397
Semitryptome,388,38.0,1,NAQNYAIGSKPL,388,399
Semitryptome,389,46.0,1,NAQNYAIGSKPLT,389,401
Semitryptome,390,14.0,1,NAQNYAIGSKPLTA,390,403
Semitryptome,391,7.0,1,NAQNYAIGSKPLTAA,391,405
Semitryptome,392,3.0,1,NAQNYAIGSKPLTAAL,392,407
Semitryptome,393,18.0,1,NAQNYAIGSKPLTAALN,393,409
Semitryptome,395,56.0,1,NAQNYAIGSKPLTAALNVY,395,413
Semitryptome,396,3.0,1,NAQNYAIGSKPLTAALNVYS,396,415
Semitryptome,416,47.0,1,DKYANPEIM,416,424
Semitryptome,418,24.0,1,DKYANPEIMIM,418,428
Semitryptome,419,2.0,1,NGYGEELGASDSVAVGTADHNR,419,440
Semitryptome,420,37.0,1,GYGEELGASDSVAVGTADHNRK,420,441
Semitryptome,421,3.0,1,YGEELGASDSVAVGTADHNR,421,440
Semitryptome,422,6.0,1,GEELGASDSVAVGTADHNR,422,440
Semitryptome,423,2.0,1,EELGASDSVAVGTADHNR,423,440
Semitryptome,424,6.0,1,ELGASDSVAVGTADHNRK,424,441
Semitryptome,425,7.0,1,LGASDSVAVGTADHNRK,425,441
Semitryptome,426,7.0,1,GASDSVAVGTADHNR,426,440
Semitryptome,427,11.0,1,ASDSVAVGTADHNRK,427,441
Semitryptome,428,4.0,1,SDSVAVGTADHNR,428,440
Semitryptome,429,5.0,1,DSVAVGTADHNR,429,440
Semitryptome,430,27.0,1,SVAVGTADHNR,430,440
Semitryptome,448,2.0,1,LLSMQEAVCIDK,448,459
Semitryptome,450,8.0,1,SMQEAVCIDK,450,459
Semitryptome,451,6.0,1,MQEAVCIDK,451,459
Semitryptome,456,2.0,1,HLLSMQEAV,456,464
Semitryptome,469,37.0,1,SLLDNFEWQDGYKNR,469,483
Semitryptome,470,10.0,1,LLDNFEWQDGYK,470,481
Semitryptome,471,3.0,1,LDNFEWQDGYK,471,481
Semitryptome,472,11.0,1,DNFEWQDGYK,472,481
Semitryptome,473,3.0,1,NFEWQDGYK,473,481
Semitryptome,494,3.0,1,FGLYYVDFKN,494,503
Semitryptome,510,5.0,1,LSQGVRPSALK,510,520
Semitryptome,513,8.0,1,YYKDFLSQ,513,520
Semitryptome,517,9.0,1,DFLSQGVRP,517,525
Semitryptome,518,77.0,1,DFLSQGVRPS,518,527
Semitryptome,519,36.0,1,DFLSQGVRPSA,519,529
Semitryptome,520,75.0,1,DFLSQGVRPSAL,520,531
